image_name,group_id
1.jpg,0
2.jpg,1
3.jpg,2
4.jpg,3
5.jpg,4
6.jpg,5
7.jpg,6
8.jpg,7
9.jpg,8
10.jpg,9
11.jpg,10
12.jpg,11
13.jpg,12
14.jpg,13
15.jpg,14
16.jpg,15
17.jpg,16
18.jpg,17
19.jpg,18
20.jpg,19
21.jpg,20
22.jpg,21
23.jpg,22
24.jpg,23
25.jpg,24
26.jpg,25
27.jpg,26
28.jpg,27
29.jpg,28
30.jpg,29
31.jpg,30
32.jpg,31
33.jpg,32
34.jpg,33
35.jpg,34
36.jpg,35
37.jpg,36
38.jpg,37
39.jpg,38
40.jpg,39
41.jpg,40
42.jpg,41
43.jpg,42
44.jpg,43
45.jpg,44
46.jpg,45
47.jpg,46
48.jpg,47
49.jpg,48
50.jpg,49
51.jpg,50
53.jpg,51
54.jpg,52
55.jpg,53
56.jpg,54
57.jpg,55
58.jpg,56
59.jpg,57
60.jpg,58
61.jpg,59
62.jpg,60
63.jpg,61
64.jpg,62
65.jpg,63
66.jpg,64
67.jpg,65
68.jpg,66
69.jpg,67
70.jpg,68
71.jpg,69
72.jpg,70
73.jpg,71
74.jpg,72
75.jpg,73
76.jpg,74
77.jpg,75
78.jpg,76
79.jpg,77
80.jpg,78
81.jpg,79
82.jpg,80
83.jpg,81
84.jpg,82
85.jpg,83
86.jpg,84
87.jpg,85
88.jpg,86
89.jpg,87
90.jpg,88
91.jpg,89
92.jpg,90
93.jpg,91
94.jpg,92
95.jpg,93
96.jpg,94
97.jpg,95
98.jpg,96
99.jpg,97
100.jpg,98
101.jpg,99
102.jpg,100
103.jpg,101
104.jpg,102
105.jpg,103
106.jpg,104
107.jpg,105
108.jpg,106
109.jpg,107
110.jpg,108
111.jpg,109
112.jpg,110
113.jpg,111
114.jpg,112
115.jpg,113
116.jpg,114
117.jpg,115
118.jpg,116
119.jpg,117
120.jpg,118
121.jpg,119
122.jpg,120
123.jpg,121
124.jpg,122
125.jpg,123
126.jpg,124
127.jpg,125
128.jpg,126
129.jpg,127
130.jpg,128
131.jpg,129
132.jpg,130
133.jpg,131
134.jpg,132
135.jpg,133
136.jpg,134
137.jpg,135
138.jpg,136
139.jpg,137
140.jpg,138
141.jpg,139
142.jpg,140
143.jpg,141
145.jpg,142
146.jpg,143
147.jpg,144
148.jpg,145
149.jpg,146
150.jpg,147
151.jpg,148
152.jpg,149
153.jpg,150
154.jpg,151
155.jpg,152
156.jpg,153
157.jpg,154
158.jpg,155
159.jpg,156
160.jpg,157
161.jpg,158
162.jpg,159
163.jpg,160
164.jpg,161
165.jpg,162
166.jpg,163
167.jpg,164
168.jpg,165
169.jpg,166
170.jpg,167
171.jpg,168
172.jpg,169
173.jpg,170
174.jpg,171
175.jpg,172
176.jpg,173
177.jpg,174
178.jpg,175
179.jpg,176
180.jpg,177
181.jpg,178
182.jpg,179
183.jpg,180
184.jpg,181
185.jpg,182
186.jpg,183
187.jpg,184
188.jpg,185
189.jpg,186
190.jpg,187
191.jpg,188
192.jpg,189
193.jpg,190
194.jpg,191
195.jpg,192
196.jpg,193
197.jpg,194
198.jpg,195
199.jpg,196
200.jpg,197
201.jpg,198
202.jpg,199
203.jpg,200
204.jpg,201
205.jpg,202
206.jpg,203
207.jpg,204
208.jpg,205
209.jpg,206
210.jpg,207
211.jpg,208
212.jpg,209
213.jpg,210
214.jpg,211
215.jpg,212
216.jpg,213
217.jpg,214
218.jpg,215
219.jpg,216
220.jpg,217
221.jpg,218
222.jpg,219
223.jpg,220
224.jpg,221
225.jpg,222
226.jpg,223
227.jpg,224
228.jpg,225
229.jpg,226
230.jpg,227
231.jpg,228
232.jpg,229
233.jpg,230
235.jpg,231
236.jpg,232
237.jpg,233
238.jpg,234
239.jpg,235
240.jpg,236
241.jpg,237
242.jpg,238
243.jpg,239
244.jpg,240
245.jpg,241
246.jpg,242
247.jpg,243
248.jpg,244
249.jpg,245
250.jpg,246
251.jpg,247
252.jpg,248
253.jpg,249
254.jpg,250
255.jpg,251
256.jpg,252
257.jpg,253
258.jpg,254
259.jpg,255
260.jpg,256
261.jpg,257
262.jpg,258
263.jpg,259
264.jpg,260
265.jpg,261
266.jpg,262
267.jpg,263
268.jpg,264
269.jpg,265
270.jpg,266
271.jpg,267
272.jpg,268
273.jpg,269
274.jpg,270
275.jpg,271
276.jpg,272
277.jpg,273
278.jpg,274
279.jpg,275
280.jpg,276
281.jpg,277
282.jpg,278
283.jpg,279
284.jpg,280
285.jpg,281
286.jpg,282
287.jpg,283
288.jpg,284
289.jpg,285
290.jpg,286
291.jpg,287
292.jpg,288
293.jpg,289
294.jpg,290
295.jpg,291
296.jpg,292
297.jpg,293
298.jpg,294
299.jpg,295
300.jpg,296
301.jpg,297
302.jpg,298
303.jpg,299
304.jpg,300
305.jpg,301
306.jpg,302
307.jpg,303
308.jpg,304
309.jpg,305
310.jpg,306
311.jpg,307
312.jpg,308
313.jpg,309
314.jpg,310
315.jpg,311
316.jpg,312
317.jpg,313
318.jpg,314
319.jpg,315
320.jpg,316
321.jpg,317
322.jpg,318
323.jpg,319
324.jpg,320
325.jpg,321
326.jpg,322
327.jpg,323
328.jpg,324
329.jpg,325
330.jpg,326
331.jpg,327
332.jpg,328
333.jpg,329
334.jpg,330
335.jpg,331
336.jpg,332
337.jpg,333
338.jpg,334
339.jpg,335
340.jpg,336
341.jpg,337
342.jpg,338
343.jpg,339
344.jpg,340
345.jpg,341
346.jpg,342
347.jpg,343
348.jpg,344
349.jpg,345
350.jpg,346
351.jpg,347
352.jpg,348
353.jpg,349
354.jpg,350
355.jpg,351
356.jpg,352
357.jpg,353
358.jpg,354
359.jpg,355
360.jpg,356
361.jpg,357
362.jpg,358
363.jpg,359
364.jpg,360
365.jpg,361
366.jpg,362
367.jpg,363
368.jpg,364
369.jpg,365
370.jpg,366
371.jpg,367
372.jpg,368
373.jpg,369
374.jpg,370
375.jpg,371
376.jpg,372
377.jpg,373
378.jpg,374
379.jpg,375
380.jpg,376
381.jpg,377
382.jpg,378
383.jpg,379
384.jpg,380
385.jpg,381
386.jpg,382
387.jpg,383
388.jpg,384
389.jpg,385
390.jpg,386
391.jpg,387
392.jpg,388
393.jpg,389
394.jpg,390
395.jpg,391
396.jpg,392
397.jpg,393
398.jpg,394
399.jpg,395
400.jpg,396
401.jpg,397
402.jpg,398
403.jpg,399
404.jpg,400
405.jpg,401
406.jpg,402
407.jpg,403
408.jpg,404
409.jpg,405
410.jpg,406
411.jpg,407
412.jpg,408
413.jpg,409
414.jpg,410
415.jpg,411
416.jpg,412
417.jpg,413
418.jpg,414
419.jpg,415
420.jpg,416
421.jpg,417
422.jpg,418
423.jpg,419
424.jpg,420
425.jpg,421
426.jpg,422
427.jpg,423
428.jpg,424
429.jpg,425
430.jpg,426
431.jpg,427
432.jpg,428
433.jpg,429
434.jpg,430
435.jpg,431
436.jpg,432
437.jpg,433
438.jpg,434
439.jpg,435
440.jpg,436
441.jpg,437
442.jpg,438
443.jpg,439
444.jpg,440
445.jpg,441
446.jpg,442
447.jpg,443
448.jpg,444
449.jpg,445
450.jpg,446
451.jpg,447
452.jpg,448
453.jpg,449
454.jpg,450
455.jpg,451
456.jpg,452
457.jpg,453
458.jpg,454
459.jpg,455
460.jpg,456
461.jpg,457
462.jpg,458
463.jpg,459
464.jpg,460
465.jpg,461
466.jpg,462
467.jpg,463
468.jpg,464
469.jpg,465
470.jpg,466
471.jpg,467
472.jpg,468
473.jpg,469
474.jpg,470
475.jpg,471
476.jpg,472
477.jpg,473
478.jpg,474
479.jpg,475
480.jpg,476
481.jpg,477
482.jpg,478
483.jpg,479
484.jpg,480
485.jpg,481
486.jpg,482
487.jpg,483
488.jpg,484
489.jpg,485
490.jpg,486
491.jpg,487
492.jpg,488
493.jpg,489
494.jpg,490
495.jpg,491
496.jpg,492
498.jpg,493
499.jpg,494
500.jpg,495
501.jpg,496
502.jpg,497
503.jpg,498
504.jpg,499
505.jpg,500
506.jpg,501
507.jpg,502
508.jpg,503
509.jpg,504
510.jpg,505
511.jpg,506
512.jpg,507
513.jpg,508
514.jpg,509
515.jpg,510
516.jpg,511
517.jpg,512
518.jpg,513
519.jpg,514
520.jpg,515
521.jpg,516
522.jpg,517
523.jpg,518
524.jpg,519
525.jpg,520
526.jpg,521
527.jpg,522
528.jpg,523
529.jpg,524
530.jpg,525
531.jpg,526
532.jpg,527
533.jpg,528
534.jpg,529
535.jpg,530
536.jpg,531
537.jpg,532
538.jpg,533
539.jpg,534
540.jpg,535
541.jpg,536
542.jpg,537
543.jpg,538
544.jpg,539
545.jpg,540
546.jpg,541
547.jpg,542
548.jpg,543
549.jpg,544
550.jpg,545
551.jpg,546
552.jpg,547
553.jpg,548
554.jpg,549
555.jpg,550
556.jpg,551
557.jpg,552
558.jpg,553
559.jpg,554
560.jpg,555
561.jpg,556
562.jpg,557
563.jpg,558
564.jpg,559
565.jpg,560
566.jpg,561
567.jpg,562
568.jpg,563
569.jpg,564
570.jpg,565
571.jpg,566
572.jpg,567
573.jpg,568
574.jpg,569
575.jpg,570
576.jpg,571
577.jpg,572
578.jpg,573
579.jpg,574
580.jpg,575
581.jpg,576
582.jpg,577
583.jpg,578
584.jpg,579
585.jpg,580
586.jpg,581
587.jpg,582
588.jpg,583
589.jpg,584
590.jpg,585
591.jpg,586
592.jpg,587
593.jpg,588
594.jpg,589
595.jpg,590
596.jpg,591
597.jpg,592
598.jpg,593
599.jpg,594
600.jpg,595
601.jpg,596
602.jpg,597
603.jpg,598
604.jpg,599
605.jpg,600
606.jpg,601
607.jpg,602
608.jpg,603
609.jpg,604
610.jpg,605
611.jpg,606
612.jpg,607
613.jpg,608
614.jpg,609
615.jpg,610
616.jpg,611
617.jpg,612
618.jpg,613
619.jpg,614
620.jpg,615
621.jpg,616
622.jpg,617
623.jpg,618
624.jpg,619
625.jpg,620
626.jpg,621
627.jpg,622
628.jpg,623
629.jpg,624
630.jpg,625
631.jpg,626
632.jpg,627
633.jpg,628
634.jpg,629
635.jpg,630
636.jpg,631
637.jpg,632
638.jpg,633
639.jpg,634
640.jpg,635
641.jpg,636
642.jpg,637
643.jpg,638
644.jpg,639
645.jpg,640
646.jpg,641
647.jpg,642
648.jpg,643
649.jpg,644
650.jpg,645
651.jpg,646
652.jpg,647
653.jpg,648
654.jpg,649
655.jpg,650
656.jpg,651
657.jpg,652
658.jpg,653
659.jpg,654
660.jpg,655
661.jpg,656
662.jpg,657
663.jpg,658
664.jpg,659
665.jpg,660
666.jpg,661
667.jpg,662
668.jpg,663
669.jpg,664
670.jpg,665
671.jpg,666
672.jpg,667
673.jpg,668
674.jpg,669
675.jpg,670
676.jpg,671
677.jpg,672
678.jpg,673
679.jpg,674
680.jpg,675
681.jpg,676
682.jpg,677
683.jpg,678
684.jpg,679
685.jpg,680
686.jpg,681
687.jpg,682
688.jpg,683
689.jpg,684
690.jpg,685
691.jpg,686
692.jpg,687
693.jpg,688
694.jpg,689
695.jpg,690
696.jpg,691
697.jpg,692
698.jpg,693
699.jpg,694
700.jpg,695
701.jpg,696
702.jpg,697
703.jpg,698
704.jpg,699
705.jpg,700
706.jpg,701
707.jpg,702
708.jpg,703
709.jpg,704
710.jpg,705
711.jpg,706
712.jpg,707
713.jpg,708
714.jpg,709
715.jpg,710
716.jpg,711
717.jpg,712
719.jpg,713
720.jpg,714
721.jpg,715
722.jpg,716
723.jpg,717
724.jpg,718
725.jpg,719
726.jpg,720
727.jpg,721
728.jpg,722
729.jpg,723
730.jpg,724
731.jpg,725
732.jpg,726
733.jpg,727
734.jpg,728
735.jpg,729
736.jpg,730
737.jpg,731
738.jpg,732
739.jpg,733
740.jpg,734
741.jpg,735
742.jpg,736
743.jpg,737
744.jpg,738
745.jpg,739
746.jpg,740
747.jpg,741
748.jpg,742
749.jpg,743
750.jpg,744
751.jpg,745
752.jpg,746
753.jpg,747
754.jpg,748
755.jpg,749
756.jpg,750
757.jpg,751
758.jpg,752
759.jpg,753
760.jpg,754
761.jpg,755
762.jpg,756
763.jpg,757
764.jpg,758
765.jpg,759
766.jpg,760
767.jpg,761
768.jpg,762
769.jpg,763
770.jpg,764
771.jpg,765
772.jpg,766
773.jpg,767
774.jpg,768
775.jpg,769
776.jpg,770
777.jpg,771
778.jpg,772
779.jpg,773
780.jpg,774
781.jpg,775
782.jpg,776
783.jpg,777
784.jpg,778
785.jpg,779
786.jpg,780
787.jpg,781
788.jpg,782
789.jpg,783
790.jpg,784
791.jpg,785
792.jpg,786
793.jpg,787
794.jpg,788
795.jpg,789
796.jpg,790
797.jpg,791
798.jpg,792
799.jpg,793
800.jpg,794
801.jpg,795
802.jpg,796
803.jpg,797
804.jpg,798
805.jpg,799
806.jpg,800
807.jpg,801
808.jpg,802
809.jpg,803
810.jpg,804
811.jpg,805
812.jpg,806
813.jpg,807
814.jpg,808
815.jpg,809
816.jpg,810
817.jpg,811
818.jpg,812
819.jpg,813
820.jpg,814
821.jpg,815
822.jpg,816
823.jpg,817
824.jpg,818
825.jpg,819
826.jpg,820
827.jpg,821
828.jpg,822
829.jpg,823
830.jpg,824
831.jpg,825
832.jpg,826
833.jpg,827
834.jpg,828
835.jpg,829
836.jpg,830
837.jpg,831
838.jpg,832
839.jpg,833
840.jpg,834
841.jpg,835
842.jpg,836
843.jpg,837
844.jpg,838
845.jpg,839
846.jpg,840
847.jpg,841
848.jpg,842
849.jpg,843
850.jpg,844
851.jpg,845
852.jpg,846
853.jpg,847
854.jpg,848
855.jpg,849
856.jpg,850
857.jpg,851
858.jpg,852
859.jpg,853
860.jpg,854
861.jpg,855
862.jpg,856
863.jpg,857
864.jpg,858
865.jpg,859
866.jpg,860
867.jpg,861
868.jpg,862
869.jpg,863
870.jpg,864
871.jpg,865
872.jpg,866
873.jpg,867
874.jpg,868
875.jpg,869
876.jpg,870
877.jpg,871
878.jpg,872
879.jpg,873
880.jpg,874
881.jpg,875
882.jpg,876
883.jpg,877
884.jpg,878
885.jpg,879
886.jpg,880
887.jpg,881
888.jpg,882
889.jpg,883
890.jpg,884
891.jpg,885
892.jpg,886
893.jpg,887
894.jpg,888
895.jpg,889
896.jpg,890
897.jpg,891
898.jpg,892
899.jpg,893
900.jpg,894
901.jpg,895
902.jpg,896
903.jpg,897
904.jpg,898
905.jpg,899
906.jpg,900
907.jpg,901
908.jpg,902
909.jpg,903
910.jpg,904
911.jpg,905
912.jpg,906
913.jpg,907
914.jpg,908
915.jpg,909
916.jpg,910
917.jpg,911
918.jpg,912
919.jpg,913
920.jpg,914
921.jpg,915
922.jpg,916
923.jpg,917
924.jpg,918
925.jpg,919
926.jpg,920
927.jpg,921
928.jpg,922
929.jpg,923
930.jpg,924
931.jpg,925
932.jpg,926
933.jpg,927
934.jpg,928
935.jpg,929
936.jpg,930
937.jpg,931
938.jpg,932
939.jpg,933
940.jpg,934
941.jpg,935
942.jpg,936
943.jpg,937
944.jpg,938
945.jpg,939
946.jpg,940
947.jpg,941
948.jpg,942
949.jpg,943
950.jpg,944
951.jpg,945
952.jpg,946
953.jpg,947
954.jpg,948
955.jpg,949
956.jpg,950
957.jpg,951
958.jpg,952
959.jpg,953
960.jpg,954
961.jpg,955
962.jpg,956
963.jpg,957
964.jpg,958
965.jpg,959
966.jpg,960
967.jpg,961
968.jpg,962
969.jpg,963
970.jpg,964
971.jpg,965
972.jpg,966
973.jpg,967
974.jpg,968
975.jpg,969
976.jpg,970
977.jpg,971
978.jpg,972
979.jpg,973
980.jpg,974
981.jpg,975
982.jpg,976
983.jpg,977
984.jpg,978
985.jpg,979
986.jpg,980
987.jpg,981
988.jpg,982
989.jpg,983
990.jpg,984
991.jpg,985
992.jpg,986
993.jpg,987
994.jpg,988
995.jpg,989
996.jpg,990
997.jpg,991
998.jpg,992
999.jpg,993
1000.jpg,994
1001.jpg,995
1002.jpg,996
1003.jpg,997
1004.jpg,998
1005.jpg,999
1006.jpg,1000
1007.jpg,1001
1008.jpg,1002
1009.jpg,1003
1010.jpg,1004
1011.jpg,1005
1012.jpg,1006
1013.jpg,1007
1014.jpg,1008
1015.jpg,1009
1016.jpg,1010
1017.jpg,1011
1018.jpg,1012
1019.jpg,1013
1020.jpg,1014
1021.jpg,1015
1022.jpg,1016
1023.jpg,1017
1024.jpg,1018
1025.jpg,1019
1026.jpg,1020
1027.jpg,1021
1028.jpg,1022
1029.jpg,1023
1030.jpg,1024
1031.jpg,1025
1032.jpg,1026
1033.jpg,1027
1034.jpg,1028
1035.jpg,1029
1036.jpg,1030
1037.jpg,1031
1038.jpg,1032
1039.jpg,1033
1040.jpg,1034
1041.jpg,1035
1042.jpg,1036
1043.jpg,1037
1044.jpg,1038
1045.jpg,1039
1046.jpg,1040
1047.jpg,1041
1048.jpg,1042
1049.jpg,1043
1050.jpg,1044
1051.jpg,1045
1052.jpg,1046
1053.jpg,1047
1054.jpg,1048
1055.jpg,1049
1056.jpg,1050
1057.jpg,1051
1058.jpg,1052
1059.jpg,1053
1060.jpg,1054
1061.jpg,1055
1062.jpg,1056
1063.jpg,1057
1064.jpg,1058
1065.jpg,1059
1066.jpg,1060
1067.jpg,1061
1068.jpg,1062
1069.jpg,1063
1070.jpg,1064
1071.jpg,1065
1072.jpg,1066
1073.jpg,1067
1074.jpg,1068
1075.jpg,1069
1076.jpg,1070
1077.jpg,1071
1078.jpg,1072
1079.jpg,1073
1080.jpg,1074
1081.jpg,1075
1082.jpg,1076
1083.jpg,1077
1084.jpg,1078
1085.jpg,1079
1086.jpg,1080
1087.jpg,1081
1088.jpg,1082
1089.jpg,1083
1090.jpg,1084
1091.jpg,1085
1092.jpg,1086
1093.jpg,1087
1094.jpg,1088
1095.jpg,1089
1096.jpg,1090
1097.jpg,1091
1098.jpg,1092
1099.jpg,1093
1100.jpg,1094
1101.jpg,1095
1102.jpg,1096
1103.jpg,1097
1104.jpg,1098
1105.jpg,1099
1106.jpg,1100
1107.jpg,1101
1108.jpg,1102
1109.jpg,1103
1110.jpg,1104
1111.jpg,1105
1112.jpg,1106
1113.jpg,1107
1114.jpg,1108
1115.jpg,1109
1116.jpg,1110
1117.jpg,1111
1118.jpg,1112
1119.jpg,1113
1120.jpg,1114
1121.jpg,1115
1122.jpg,1116
1123.jpg,1117
1124.jpg,1118
1125.jpg,1119
1126.jpg,1120
1127.jpg,1121
1128.jpg,1122
1129.jpg,1123
1130.jpg,1124
1131.jpg,1125
1132.jpg,1126
1133.jpg,1127
1134.jpg,1128
1135.jpg,1129
1136.jpg,1130
1137.jpg,1131
1138.jpg,1132
1139.jpg,1133
1140.jpg,1134
1141.jpg,1135
1142.jpg,1136
1143.jpg,1137
1144.jpg,1138
1145.jpg,1139
1146.jpg,1140
1147.jpg,1141
1148.jpg,1142
1149.jpg,1143
1150.jpg,1144
1151.jpg,1145
1152.jpg,1146
1153.jpg,1147
1154.jpg,1148
1155.jpg,1149
1156.jpg,1150
1157.jpg,1151
1158.jpg,1152
1159.jpg,1153
1160.jpg,1154
1161.jpg,1155
1162.jpg,1156
1163.jpg,1157
1164.jpg,1158
1165.jpg,1159
1166.jpg,1160
1167.jpg,1161
1168.jpg,1162
1169.jpg,1163
1170.jpg,1164
1171.jpg,1165
1172.jpg,1166
1173.jpg,1167
1174.jpg,1168
1175.jpg,1169
1176.jpg,1170
1177.jpg,1171
1178.jpg,1172
1179.jpg,1173
1180.jpg,1174
1181.jpg,1175
1182.jpg,1176
1183.jpg,1177
1184.jpg,1178
1185.jpg,1179
1186.jpg,1180
1187.jpg,1181
1188.jpg,1182
1189.jpg,1183
1190.jpg,1184
1191.jpg,1185
1192.jpg,1186
1193.jpg,1187
1194.jpg,1188
1195.jpg,1189
1196.jpg,1190
1197.jpg,1191
1198.jpg,1192
1199.jpg,1193
1200.jpg,1194
1201.jpg,1195
1202.jpg,1196
1203.jpg,1197
1204.jpg,1198
1205.jpg,1199
1206.jpg,1200
1207.jpg,1201
1208.jpg,1202
1209.jpg,1203
1210.jpg,1204
1211.jpg,1205
1212.jpg,1206
1213.jpg,1207
1214.jpg,1208
1215.jpg,1209
1216.jpg,1210
1217.jpg,1211
1218.jpg,1212
1219.jpg,1213
1220.jpg,1214
1221.jpg,1215
1222.jpg,1216
1223.jpg,1217
1224.jpg,1218
1225.jpg,1219
1226.jpg,1220
1227.jpg,1221
1228.jpg,1222
1229.jpg,1223
1230.jpg,1224
1231.jpg,1225
1232.jpg,1226
1233.jpg,1227
1234.jpg,1228
1235.jpg,1229
1236.jpg,1230
1237.jpg,1231
1238.jpg,1232
1239.jpg,1233
1240.jpg,1234
1241.jpg,1235
1242.jpg,1236
1243.jpg,1237
1244.jpg,1238
1245.jpg,1239
1246.jpg,1240
1247.jpg,1241
1248.jpg,1242
1249.jpg,1243
1250.jpg,1244
1251.jpg,1245
1252.jpg,1246
1253.jpg,1247
1254.jpg,1248
1255.jpg,1249
1256.jpg,1250
1257.jpg,1251
1258.jpg,1252
1259.jpg,1253
1260.jpg,1254
1261.jpg,1255
1262.jpg,1256
1263.jpg,1257
1264.jpg,1258
1265.jpg,1259
1266.jpg,1260
1267.jpg,1261
1268.jpg,1262
1269.jpg,1263
1270.jpg,1264
1271.jpg,1265
1272.jpg,1266
1273.jpg,1267
1274.jpg,1268
1275.jpg,1269
1276.jpg,1270
1277.jpg,1271
1278.jpg,1272
1279.jpg,1273
1280.jpg,1274
1281.jpg,1275
1282.jpg,1276
1283.jpg,1277
1284.jpg,1278
1285.jpg,1279
1286.jpg,1280
1287.jpg,1281
1288.jpg,1282
1289.jpg,1283
1290.jpg,1284
1291.jpg,1285
1292.jpg,1286
1293.jpg,1287
1294.jpg,1288
1295.jpg,1289
1296.jpg,1290
1297.jpg,1291
1298.jpg,1292
1299.jpg,1293
1300.jpg,1294
1301.jpg,1295
1302.jpg,1296
1303.jpg,1297
1304.jpg,1298
1305.jpg,1299
1306.jpg,1300
1307.jpg,1301
1308.jpg,1302
1309.jpg,1303
1310.jpg,1304
1311.jpg,1305
1312.jpg,1306
1313.jpg,1307
1314.jpg,1308
1315.jpg,1309
1316.jpg,1310
1317.jpg,1311
1318.jpg,1312
1319.jpg,1313
1320.jpg,1314
1321.jpg,1315
1322.jpg,1316
1323.jpg,1317
1324.jpg,1318
1325.jpg,1319
1326.jpg,1320
1327.jpg,1321
1328.jpg,1322
1329.jpg,1323
1330.jpg,1324
1331.jpg,1325
1332.jpg,1326
1333.jpg,1327
1334.jpg,1328
1335.jpg,1329
1336.jpg,1330
1337.jpg,1331
1338.jpg,1332
1339.jpg,1333
1340.jpg,1334
1341.jpg,1335
1342.jpg,1336
1343.jpg,1337
1344.jpg,1338
1345.jpg,1339
1346.jpg,1340
1347.jpg,1341
1348.jpg,1342
1349.jpg,1343
1350.jpg,1344
1351.jpg,1345
1352.jpg,1346
1353.jpg,1347
1354.jpg,1348
1355.jpg,1349
1356.jpg,1350
1357.jpg,1351
1358.jpg,1352
1359.jpg,1353
1360.jpg,1354
1361.jpg,1355
1362.jpg,1356
1363.jpg,1357
1364.jpg,1358
1365.jpg,1359
1366.jpg,1360
1367.jpg,1361
1368.jpg,1362
1369.jpg,1363
1370.jpg,1364
1371.jpg,1365
1372.jpg,1366
1373.jpg,1367
1374.jpg,1368
1375.jpg,1369
1376.jpg,1370
1377.jpg,1371
1378.jpg,1372
1379.jpg,1373
1380.jpg,1374
1381.jpg,1375
1382.jpg,1376
1383.jpg,1377
1384.jpg,1378
1385.jpg,1379
1386.jpg,1380
1387.jpg,1381
1388.jpg,1382
1390.jpg,1383
1391.jpg,1384
1392.jpg,1385
1393.jpg,1386
1394.jpg,1387
1395.jpg,1388
1396.jpg,1389
1397.jpg,1390
1398.jpg,1391
1399.jpg,1392
1400.jpg,1393
1401.jpg,1394
1402.jpg,1395
1403.jpg,1396
1404.jpg,1397
1405.jpg,1398
1406.jpg,1399
1407.jpg,1400
1408.jpg,1401
1409.jpg,1402
1410.jpg,1403
1411.jpg,1404
1412.jpg,1405
1413.jpg,1406
1414.jpg,1407
1415.jpg,1408
1416.jpg,1409
1417.jpg,1410
1418.jpg,1411
1419.jpg,1412
1420.jpg,1413
1421.jpg,1414
1422.jpg,1415
1423.jpg,1416
1424.jpg,1417
1425.jpg,1418
1426.jpg,1419
1427.jpg,1420
1428.jpg,1421
1429.jpg,1422
1430.jpg,1423
1431.jpg,1424
1432.jpg,1425
1433.jpg,1426
1434.jpg,1427
1435.jpg,1428
1436.jpg,1429
1437.jpg,1430
1438.jpg,1431
1439.jpg,1432
1440.jpg,1433
1441.jpg,1434
1442.jpg,1435
1443.jpg,1436
1444.jpg,1437
1445.jpg,1438
1446.jpg,1439
1447.jpg,1440
1448.jpg,1441
1449.jpg,1442
1450.jpg,1443
1451.jpg,1444
1452.jpg,1445
1453.jpg,1446
1454.jpg,1447
1455.jpg,1448
1456.jpg,1449
1457.jpg,1450
1458.jpg,1451
1459.jpg,1452
1460.jpg,1453
1461.jpg,1454
1462.jpg,1455
1463.jpg,1456
1464.jpg,1457
1465.jpg,1458
1466.jpg,1459
1467.jpg,1460
1468.jpg,1461
1469.jpg,1462
1470.jpg,1463
1471.jpg,1464
1473.jpg,1465
1474.jpg,1466
1475.jpg,1467
1476.jpg,1468
1477.jpg,1469
1478.jpg,1470
1479.jpg,1471
1480.jpg,1472
1481.jpg,1473
1482.jpg,1474
1483.jpg,1475
1484.jpg,1476
1485.jpg,1477
1486.jpg,1478
1487.jpg,1479
1488.jpg,1480
1489.jpg,1481
1490.jpg,1482
1491.jpg,1483
1492.jpg,1484
1493.jpg,1485
1494.jpg,1486
1495.jpg,1487
1496.jpg,1488
1497.jpg,1489
1498.jpg,1490
1499.jpg,1491
2000.jpg,1492
2001.jpg,1493
2002.jpg,1494
2003.jpg,1495
2004.jpg,1496
2005.jpg,1497
2006.jpg,1498
2007.jpg,1499
2008.jpg,1500
2009.jpg,1501
2010.jpg,1502
2011.jpg,1503
2012.jpg,1504
2013.jpg,1505
2014.jpg,1506
2015.jpg,1507
2016.jpg,1508
2017.jpg,1509
2018.jpg,1510
2019.jpg,1511
2020.jpg,1512
2021.jpg,1513
2022.jpg,1514
2023.jpg,1515
2024.jpg,1516
2025.jpg,1517
2026.jpg,1518
2027.jpg,1519
2028.jpg,1520
2029.jpg,1521
2030.jpg,1522
2031.jpg,1523
2032.jpg,1524
2033.jpg,1525
2034.jpg,1526
2035.jpg,1527
2036.jpg,1528
2037.jpg,1529
2038.jpg,1530
2039.jpg,1531
2040.jpg,1532
2041.jpg,1533
2042.jpg,1534
2043.jpg,1535
2044.jpg,1536
2045.jpg,1537
2046.jpg,1538
2047.jpg,1539
2048.jpg,1540
2049.jpg,1541
2050.jpg,1542
2051.jpg,1543
2052.jpg,1544
2053.jpg,1545
2054.jpg,1546
2055.jpg,1547
2056.jpg,1548
2057.jpg,1549
2058.jpg,1550
2059.jpg,1551
2060.jpg,1552
2061.jpg,1553
2062.jpg,1554
2063.jpg,1555
2064.jpg,1556
2065.jpg,1557
2066.jpg,1558
2067.jpg,1559
2068.jpg,1560
2069.jpg,1561
2070.jpg,1562
2071.jpg,1563
2072.jpg,1564
2073.jpg,1565
2074.jpg,1566
2075.jpg,1567
2076.jpg,1568
2077.jpg,1569
2078.jpg,1570
2079.jpg,1571
2080.jpg,1572
2081.jpg,1573
2082.jpg,1574
2083.jpg,1575
2084.jpg,1576
2085.jpg,1577
2086.jpg,1578
2087.jpg,1579
2088.jpg,1580
2089.jpg,1581
2090.jpg,1582
2091.jpg,1583
2092.jpg,1584
2093.jpg,1585
2094.jpg,1586
2095.jpg,1587
2096.jpg,1588
2097.jpg,1589
2098.jpg,1590
2099.jpg,1591
2100.jpg,1592
2101.jpg,1593
2102.jpg,1594
2103.jpg,1595
2104.jpg,1596
2105.jpg,1597
2106.jpg,1598
2107.jpg,1599
2108.jpg,1600
2109.jpg,1601
2110.jpg,1602
2111.jpg,1603
2112.jpg,1604
2113.jpg,1605
2114.jpg,1606
2115.jpg,1607
2116.jpg,1608
2117.jpg,1609
2118.jpg,1610
2119.jpg,1611
2120.jpg,1612
2121.jpg,1613
2122.jpg,1614
2123.jpg,1615
2124.jpg,1616
2125.jpg,1617
2126.jpg,1618
2127.jpg,1619
2128.jpg,1620
2129.jpg,1621
2130.jpg,1622
2131.jpg,1623
2132.jpg,1624
2133.jpg,1625
2134.jpg,1626
2135.jpg,1627
2136.jpg,1628
2137.jpg,1629
2138.jpg,1630
2139.jpg,1631
2140.jpg,1632
2141.jpg,1633
2142.jpg,1634
2143.jpg,1635
2144.jpg,1636
2145.jpg,1637
2146.jpg,1638
2147.jpg,1639
2148.jpg,1640
2149.jpg,1641
2150.jpg,1642
2151.jpg,1643
2152.jpg,1644
2153.jpg,1645
2154.jpg,1646
2155.jpg,1647
2156.jpg,1648
2157.jpg,1649
2158.jpg,1650
2159.jpg,1651
2160.jpg,1652
2161.jpg,1653
2162.jpg,1654
2163.jpg,1655
2164.jpg,1656
2165.jpg,1657
2166.jpg,1658
2167.jpg,1659
2168.jpg,1660
2169.jpg,1661
2170.jpg,1662
2171.jpg,1663
2172.jpg,1664
2173.jpg,1665
2174.jpg,1666
2175.jpg,1667
2176.jpg,1668
2177.jpg,1669
2178.jpg,1670
2179.jpg,1671
2180.jpg,1672
2181.jpg,1673
2182.jpg,1674
2183.jpg,1675
2184.jpg,1676
2185.jpg,1677
2186.jpg,1678
2187.jpg,1679
2188.jpg,1680
2189.jpg,1681
2190.jpg,1682
2191.jpg,1683
2192.jpg,1684
2193.jpg,1685
2194.jpg,1686
2195.jpg,1687
2196.jpg,1688
2197.jpg,1689
2198.jpg,1690
2199.jpg,1691
2200.jpg,1692
2201.jpg,1693
2202.jpg,1694
2203.jpg,1695
2204.jpg,1696
2205.jpg,1697
2206.jpg,1698
2207.jpg,1699
2208.jpg,1700
2209.jpg,1701
2210.jpg,1702
2211.jpg,1703
2212.jpg,1704
2213.jpg,1705
2214.jpg,1706
2215.jpg,1707
2216.jpg,1708
2217.jpg,1709
2218.jpg,1710
2220.jpg,1711
2221.jpg,1712
2222.jpg,1713
2223.jpg,1714
2224.jpg,1715
2225.jpg,1716
2226.jpg,1717
2227.jpg,1718
2228.jpg,1719
2229.jpg,1720
2230.jpg,1721
2231.jpg,1722
2232.jpg,1723
2233.jpg,1724
2234.jpg,1725
2236.jpg,1726
2237.jpg,1727
2238.jpg,1728
2239.jpg,1729
2240.jpg,1730
2241.jpg,1731
2242.jpg,1732
2243.jpg,1733
2244.jpg,1734
2245.jpg,1735
2246.jpg,1736
2247.jpg,1737
2248.jpg,1738
2249.jpg,1739
2250.jpg,1740
2251.jpg,1741
2252.jpg,1742
2253.jpg,1743
2254.jpg,1744
2255.jpg,1745
2256.jpg,1746
2257.jpg,1747
2258.jpg,1748
2259.jpg,1749
2260.jpg,1750
2261.jpg,1751
2262.jpg,1752
2263.jpg,1753
2264.jpg,1754
2265.jpg,1755
2266.jpg,1756
2267.jpg,1757
2268.jpg,1758
2269.jpg,1759
2270.jpg,1760
2271.jpg,1761
2272.jpg,1762
2273.jpg,1763
2274.jpg,1764
2275.jpg,1765
2276.jpg,1766
2277.jpg,1767
2278.jpg,1768
2279.jpg,1769
2280.jpg,1770
2281.jpg,1771
2282.jpg,1772
2283.jpg,1773
2284.jpg,1774
2285.jpg,1775
2286.jpg,1776
2287.jpg,1777
2288.jpg,1778
2289.jpg,1779
2290.jpg,1780
2291.jpg,1781
2292.jpg,1782
2293.jpg,1783
2294.jpg,1784
2295.jpg,1785
2296.jpg,1786
2297.jpg,1787
2298.jpg,1788
2299.jpg,1789
2300.jpg,1790
2301.jpg,1791
2302.jpg,1792
2303.jpg,1793
2304.jpg,1794
2305.jpg,1795
2306.jpg,1796
2307.jpg,1797
2308.jpg,1798
2309.jpg,1799
2310.jpg,1800
2311.jpg,1801
2312.jpg,1802
2313.jpg,1803
2314.jpg,1804
2315.jpg,1805
2316.jpg,1806
2317.jpg,1807
2318.jpg,1808
2319.jpg,1809
2320.jpg,1810
2321.jpg,1811
2322.jpg,1812
2323.jpg,1813
2324.jpg,1814
2325.jpg,1815
2326.jpg,1816
2327.jpg,1817
2328.jpg,1818
2329.jpg,1819
2330.jpg,1820
2331.jpg,1821
2332.jpg,1822
2333.jpg,1823
2334.jpg,1824
2335.jpg,1825
2336.jpg,1826
2337.jpg,1827
2338.jpg,1828
2339.jpg,1829
2340.jpg,1830
2341.jpg,1831
2342.jpg,1832
2343.jpg,1833
2344.jpg,1834
2345.jpg,1835
2346.jpg,1836
2347.jpg,1837
2348.jpg,1838
2349.jpg,1839
2350.jpg,1840
2351.jpg,1841
2352.jpg,1842
2353.jpg,1843
2354.jpg,1844
2355.jpg,1845
2356.jpg,1846
2357.jpg,1847
2358.jpg,1848
2359.jpg,1849
2360.jpg,1850
2361.jpg,1851
2362.jpg,1852
2363.jpg,1853
2364.jpg,1854
2365.jpg,1855
2366.jpg,1856
2367.jpg,1857
2368.jpg,1858
2369.jpg,1859
2370.jpg,1860
2371.jpg,1861
2372.jpg,1862
2373.jpg,1863
2374.jpg,1864
2375.jpg,1865
2376.jpg,1866
2378.jpg,1867
2379.jpg,1868
2380.jpg,1869
2381.jpg,1870
2382.jpg,1871
2383.jpg,1872
2384.jpg,1873
2385.jpg,1874
2386.jpg,1875
2387.jpg,1876
2388.jpg,1877
2389.jpg,1878
2390.jpg,1879
2391.jpg,1880
2392.jpg,1881
2393.jpg,1882
2394.jpg,1883
2395.jpg,1884
2396.jpg,1885
2397.jpg,1886
2398.jpg,1887
2399.jpg,1888
2400.jpg,1889
2401.jpg,1890
2402.jpg,1891
2403.jpg,1892
2404.jpg,1893
2405.jpg,1894
2406.jpg,1895
2407.jpg,1896
2408.jpg,1897
2409.jpg,1898
2410.jpg,1899
2411.jpg,1900
2412.jpg,1901
2413.jpg,1902
2414.jpg,1903
2415.jpg,1904
2416.jpg,1905
2417.jpg,1906
2418.jpg,1907
2419.jpg,1908
2420.jpg,1909
2421.jpg,1910
2422.jpg,1911
2423.jpg,1912
2424.jpg,1913
2425.jpg,1914
2426.jpg,1915
2427.jpg,1916
2428.jpg,1917
2429.jpg,1918
2430.jpg,1919
2431.jpg,1920
2432.jpg,1921
2433.jpg,1922
2434.jpg,1923
2435.jpg,1924
2436.jpg,1925
2437.jpg,1926
2438.jpg,1927
2439.jpg,1928
2440.jpg,1929
2441.jpg,1930
2442.jpg,1931
2443.jpg,1932
2444.jpg,1933
2445.jpg,1934
2446.jpg,1935
2447.jpg,1936
2448.jpg,1937
2449.jpg,1938
2450.jpg,1939
2451.jpg,1940
2452.jpg,1941
2453.jpg,1942
2454.jpg,1943
2455.jpg,1944
2456.jpg,1945
2457.jpg,1946
2458.jpg,1947
2459.jpg,1948
2460.jpg,1949
2461.jpg,1950
2462.jpg,1951
2463.jpg,1952
2464.jpg,1953
2465.jpg,1954
2466.jpg,1955
2467.jpg,1956
2468.jpg,1957
2469.jpg,1958
2470.jpg,1959
2471.jpg,1960
2472.jpg,1961
2473.jpg,1962
2474.jpg,1963
2475.jpg,1964
2476.jpg,1965
2477.jpg,1966
2478.jpg,1967
2479.jpg,1968
2480.jpg,1969
2481.jpg,1970
2482.jpg,1971
2483.jpg,1972
2484.jpg,1973
2485.jpg,1974
2486.jpg,1975
2487.jpg,1976
2488.jpg,1977
2489.jpg,1978
2490.jpg,1979
2491.jpg,1980
2492.jpg,1981
2493.jpg,1982
2494.jpg,1983
2495.jpg,1984
2496.jpg,1985
2497.jpg,1986
2498.jpg,1987
2499.jpg,1988
2500.jpg,1989
